库,函数/类,说明,示例
re,re.search(pattern, string),搜索首次匹配,m = re.search(r'\d+', 'a123b'); m.group() → '123'
re,re.findall(pattern, string),找出所有匹配,re.findall(r'\d+', 'a1b22') → ['1','22']
re,re.sub(pattern, repl, string),替换匹配项,re.sub(r'\s+', ' ', 'a  b') → 'a b'
re,re.split(pattern, string),按正则分割,re.split(r'\W+', 'a,b;c') → ['a','b','c','']
datetime,datetime.now(),当前本地时间,from datetime import datetime; dt = datetime.now()
datetime,datetime.strptime(s, fmt),字符串转时间,datetime.strptime('2025-01-01', '%Y-%m-%d')
datetime,dt.strftime(fmt),时间转字符串,dt.strftime('%Y/%m') → '2025/01'
datetime,timedelta(days=1),时间差计算,dt + timedelta(days=1)
math,math.sqrt(x),平方根,math.sqrt(16) → 4.0
math,math.ceil(x)/floor(x),向上/向下取整,math.ceil(3.2) → 4
math,math.log(x[, base]),对数,math.log(8, 2) → 3.0
math,math.pi / math.e,常数,math.pi → 3.14159...
random,random.random(),0~1 随机浮点数,random.random()
random,random.randint(a, b),a 到 b 整数（含）,random.randint(1,10)
random,random.choice(seq),随机选一个元素,random.choice(['a','b'])
random,random.shuffle(lst),原地打乱列表,random.shuffle(my_list)
collections,Counter(iterable),计数器,from collections import Counter; c = Counter('aab') → {'a':2,'b':1}
collections,defaultdict(type),带默认值的字典,d = defaultdict(list); d['key'].append(1)
collections,deque(iterable),双端队列,from collections import deque; q = deque([1,2]); q.appendleft(0)
itertools,chain(*iterables),拼接迭代器,from itertools import chain; list(chain([1],[2])) → [1,2]
itertools,cycle(iterable),无限循环迭代,itertools.cycle('AB')
functools,reduce(func, iterable),累积操作,from functools import reduce; reduce(lambda x,y: x+y, [1,2,3]) → 6
functools,lru_cache(maxsize),缓存函数结果,@lru_cache; def fib(n): ...
urllib.parse,urlparse(url),解析 URL,from urllib.parse import urlparse; urlparse('http://a/b')
pathlib,Path('file.txt').read_text(),读文本（自动关）,Path('a.txt').write_text('hi')
pathlib,Path('dir').mkdir(exist_ok=True),创建目录,Path('logs').mkdir(parents=True, exist_ok=True)
