序列类型,切片表达式,说明,示例（以 data = [0,1,2,3,4] 为例）
通用语法,seq[start:stop:step],"start 包含，stop 不包含，step 步长",data[1:4:1] → [1,2,3]
省略 start,data[:stop],从开头到 stop,data[:3] → [0,1,2]
省略 stop,data[start:],从 start 到末尾,data[2:] → [2,3,4]
全省略,data[:],完整浅拷贝,data[:] → [0,1,2,3,4]
负索引,data[-1],最后一个元素,data[-1] → 4
负索引范围,data[-3:-1],倒数第3到倒数第1（不含）,data[-3:-1] → [2,3]
步长为正,data[::2],每隔1个取一个,data[::2] → [0,2,4]
步长为负,data[::-1],反转序列,data[::-1] → [4,3,2,1,0]
步长为负 + 范围,data[3:0:-1],从索引3反向到索引1,data[3:0:-1] → [3,2,1]
字符串切片,"s[1:4]",同样适用,"'hello'[1:4] → 'ell'"
元组切片,t[1:3],返回新元组,(10,20,30)[1:3] → (20,30)
越界安全,切片不会报 IndexError,data[100:] → []
多维切片（NumPy 风格）,arr[:, 1],"二维：所有行，第1列（需 NumPy）","仅作提示，标准 Python 不支持"
注意事项,切片返回新对象,原对象不变,l2 = l[1:]; l2.append(9) 不影响 l
